Cod_Prod,Nom_Prod,description_product,categories,Presentac,suppliers,Precio
48889, AB-BRONCOL NF 300,Polvo para Suspensión Inyectable,INYECTABLE,Caja Vial + 1 Ampolla x 3 mL,MEDIFARMA,2.68
47787, ACIDO FUSIDICO,Crema,CREMA,Caja Tubo x 15 g,FARMINDUSTRIA S.A.,80.28
51029, APROFLAM ,Tableta Recubierta,TABLETA,Caja Envase Blíster Tableta Recubierta,PHARMA -C,24.32
45673, ATORVASTATINA,Tableta Recubierta,TABLETA,Caja Envase Blister Tabletas Recubiertas,INDUQUIMICA,14.23
45675, BENODET,Tableta Recubierta,TABLETA,Caja Envase Blister Tabletas Recubiertas,GABBLAN,39.97
45974, BIO-CISTENID,Comprimido Recubierto,TABLETA,Caja Envase Blister Comprimidos,BIOSANA,13.13
40072, CEFSTALIP,Tableta Recubierta,TABLETA,Caja Envase Blister Tabletas,DROGUERIA LIPHARMA S.A.C,78.23
49575, CEFTRIAXONA,Polvo para Solución Inyectable,INYECTABLE,Caja Vial,DISTRIBUIDORA DANY S.A.C.,28.13
45134, CLUVAX,Cápsula Blanda Vaginal,CAPSULA,Caja Envase Blíster Cápsulas Blandas Vaginales ,FARMINDUSTRIA S.A.,54.93
50876, DANUVIR,Tableta Recubierta,TABLETA,Caja Envase Blister Tabletas Recubiertas,OQ PHARMA,64.94
49320, DEQUAZOL R,Ovulo,OVULO,"Caja Envase Tiras Óvulos	",MEDIFARMA,51.27
45136, EQUALAX,Tableta Recubierta de Liberación Prolongada,TABLETA,Caja Envase Blister Tabletas Recubiertas,MEDIFARMA,37.04
49215, FLAVOSEX 200,Tableta Recubierta,TABLETA,Caja Envase Blister Tableta Recubierta,REP. DIPHASAC ,78.09
49299, FLIXOTIDE,Suspensión para Inhalación en envase a presión,AEROSOL,Caja Frasco  x 60  dosis,GLAXO OPERATIONS UK LIMITED,19.85
49176, FLUTITEROL 125 PLUS,Suspensión para Inhalación en envase a presión,AEROSOL,Caja Envase Aerosol x 120 dosis,OQ PHARMA,44.94
49298, HISALER®,Jarabe,SOLUCION,Caja Frasco x 60 mL + accesorio,BAGO,7.07
48883, ICADEN,Crema,CREMA,Caja Tubo x 20 g,BIOPAS,29.36
54139, ITRACOPHARM ,Cápsula,CAPSULA,"Caja Envase Blíster Cápsulas	",OQCORP SOCIEDAD ANONIMA CERRADA - OQCORP S.A.C.,38.38
49521, LIDOCAINA ,Ungüento,UNGUENTO,Caja Tubo x 10 g,LUSA,86.79
48316, LIDOCAINA,Solución Inyectable,INYECTABLE,Caja Vial x 20 mL,LUSA,5.96
48728, LOPERAMIDA,Tableta,TABLETA,Caja Envase Blister Tableta ,PORTUGAL,89.26
45711, LORATADINA ,Jarabe,SOLUCION,Caja Frasco x 60 mL,INDUQUIMICA,61.39
49300, MUVETT,Tableta de Liberación Prolongada,TABLETA, Caja Envase Blister Tabletas de Liberación Prolongada,UNIMED,58.65
48168, MYCLOR,Tableta Recubierta,TABLETA,Caja Envase Blister Tableta Recubierta,AVANX LAB. SOCIEDAD COMERCIAL DE RESPONSABILIDAD LIMITADA - AVANX LAB. S.R.L.,91.3
50015, MYCTRIM BALSAMICO,Suspensión Oral,SUSPENSION,Caja Frasco x 60 mL,MEDROCK CORPORATION SOCIEDAD ANONIMA CERRADA,76.05
50505, NASTIFLU,Tableta,TABLETA,"Caja Envase Blister Tableta	",TEVA PERU S.A.,84.44
44999, N-BUTIL BROMURO DE HIOSCINA,Solución Inyectable,INYECTABLE,Caja Ampolla,J&M,64.44
46016, NOVALGEZE,Tableta Recubierta,TABLETA,Caja Envase Blíster Tabletas Recubiertas,NOVAX,18
41082, ONDANSETRON,Solución Inyectable,INYECTABLE,Caja Vial x 4 mL,SANDERSON,43.09
46861, PEDEA,Solución Inyectable,INYECTABLE,Caja Ampolla x 4 mL,PHARMA HOSTING,17.97
47871, PRIORIX,Polvo para Solución Inyectable,INYECTABLE,Caja Jeringa prellenada + Vial + 2 Accesorio,GLAXO OPERATIONS UK LIMITED,92.97
47752, Q-DOLESE ,Tableta Recubierta,TABLETA,Caja Envase Blíster Tabletas Recubiertas,FARMASUR,90.47
48833, REPRIMAN ,Solución Oral,SOLUCION,Caja Frasco Gotero x 10 mL,QUIMICA SUIZA,84.82
45983, SUCRALFLAM,Suspensión Oral,SUSPENSION,Frasco x 180 mL + Accesorio,PORTUGAL,21.66
45973, ULCEALIV,Cápsula de Liberación Retardada,CAPSULA,Caja Envase Blister Capsulas,NAT. y GEN.,79.33
47760, VITHOCREM-3,Crema,CREMA,Tubo x 10g,PHARMAVIT,17.22
46137,"	SALES DE REHIDRATACION ORAL",Polvo para Solución Oral,POLVO,Caja Sobre x 20.5 g,PHARMAGEN S.A.C.,57.02
39838,3A OFTENO,Solución Oftálmica,SOLUCION OFTALMICA,Caja Frasco gotero x 5 mL,FARMACEUTICA CONTINENTAL,64.35
46962,3-A OFTENO,Solución Oftálmica,SOLUCION OFTALMICA,Caja Frasco gotero x 5 mL,LABORATORIOS OFTALMICOS S.A.C.,96.16
47895,3DT BIOTIC,Tableta Recubierta,TABLETA,Caja Envase Blister Tabletas Recubiertas,BIOS PERU,81.58
44453,3-GEL,Suspensión Oral,SUSPENSION,Caja Sobre x 10 mL,DROPESAC,56.82
42762,3-GEL ,Suspensión Oral,SUSPENSION,Caja Sobre x 10 mL,DROPESAC,81.05
45625,5 FLUCEL 250,Solución Inyectable,INYECTABLE,Caja Ampollas,SEVEN,84.69
45626,5 FLUCEL 500,Solución Inyectable,INYECTABLE,Caja Ampollas,SEVEN,44.39
3,A FOLIC,Tableta,TABLETA,Caja Envase Blister Tabletas,IQ FARMA,34.05
54520,AACHIZDOL FORTE,Tableta Recubierta,TABLETA,Caja Envase Blíster Tableta Recubierta,LIDER PHARMA ,62.61
43435,AAS 81,Comprimido,TABLETA,Caja Envase Blister Comprimidos,QUIMFA,71.12
54702,AASCARD,Tableta Recubierta,TABLETA,Caja Envase Blíster Tableta Recubierta,DOCTOR ANDREU Q.F.S.A.,95.07
50713,AB AMBROMOX ,Polvo para Suspensión Inyectable,INYECTABLE,Caja Vial + Ampolla x 5 mL,FARMINDUSTRIA S.A.,94.65
5,AB AMBROMOX,Polvo para Solución Inyectable,INYECTABLE,Caja  Vial,FARMINDUSTRIA S.A.,59.63
34385,AB BRONCOPEN R NF,Polvo para Suspensión Inyectable,INYECTABLE,Caja Vial + Solvente x 3 mL,LUSA,51.77
49337,AB BRONPAMOX ,Polvo para Suspensión Inyectable,INYECTABLE,Caja Vial + Ampolla x 5 mL,FARMINDUSTRIA S.A.,40.47
49254,AB BRONPAMOX,Polvo para Suspensión Inyectable,INYECTABLE,Caja Envase Vial + Ampolla x 5 mL,FARMINDUSTRIA S.A.,2.27
37330,AB MOKS,Polvo para Suspensión Oral,SUSPENSION,Caja Frasco x 60 mL + Accesorio,MEDIFARMA,4.04
41663,AB MOKS FORTE ,Polvo para Suspensión Oral,SUSPENSION,Caja Frasco x 70 mL,MEDIFARMA,95.45
44788,ABACAVIR ,Tableta Recubierta,TABLETA,Caja Frasco Tabletas Recubiertas,SEVEN,90.87
37869,ABACAVIR,Tableta Recubierta,TABLETA,Caja Frasco Tabletas,EXCELLAN PERU,92.15
53608,ABACAVIR SULFATO,Tableta,TABLETA,Caja Frasco x 60 tabletas,PHARMARIS,37.49
53609,ABACAVIR SULFATO Y LAMIVUDINA,Tableta Recubierta,TABLETA,Caja Frasco x 30 Tabletas Recubiertas,PHARMARIS,12.31
48938,AB-BRONCOL NF 1200,Polvo para Suspensión Inyectable,INYECTABLE,Caja Vial + Ampolla solvente x 5 mL,MEDIFARMA,62.62
48642,ABFLEXIL,Jarabe,SOLUCION,Caja Envase Frasco x 120 ml + accesorio,DROGUERIA TOBAL S.A.C.,11.35
50445,ABIPRO,Tableta,TABLETA,Caja Frasco Tableta,SUN PHARMACEUTICAL ,77.21
54286,ABIRAGLOB 250,Tableta,TABLETA,Caja Frasco x 120 Tabletas,WORLD DRUG,19.68
42329,ABIRATERONA,Comprimido,TABLETA,Caja Frasco Comprimidos,PERULAB,99.74
46742,ABIRAVITAE,Comprimido,TABLETA,Caja Frasco x 120 Comprimidos,GALENICUM ,13.52
39494,ABLNIVELAN ,Solución Oral,SOLUCION,Caja Frasco x 30 mL,GRUNENTHAL ,70.84
48770,AB-MOKS,Tableta Recubierta,TABLETA,Caja Envase Blister Tabletas Recubiertas,MEDIFARMA,78.13
46834,AB-MOKS FORTE,Tableta Recubierta,TABLETA,Caja Envase Blíster Tabletas Recubiertas,MEDIFARMA,6.31
45920,AB-MOKS FORTE ,Tableta Recubierta,TABLETA,Caja Envase Blíster Tabletas Recubiertas,MEDIFARMA,25.71
53721,ABRAXANE,Polvo Para Suspensión Para Perfusión,INYECTABLE,Caja Vial,BRISTOL-MYERS SQUIBB PERU S.A.,92.14
53217,ABUBRON - AB,Polvo para Suspensión Oral,SUSPENSION,Caja Frasco x 60 mL,REP. CASTILLO,98.55
51039,ABUBRON AB,Polvo para Suspensión Oral,SUSPENSION,Caja Frasco x 60 mL,REP. CASTILLO,47.96
54467,ABUBRON BR,Cápsula,CAPSULA,Caja Envase Blíster Cápsulas,REP. CASTILLO,51.97
55309,ABUBRON-BR,Polvo para Suspensión Oral,SUSPENSION,Caja Frasco x 60 mL,REP. CASTILLO,58.01
50044,ABUFENE,Tableta Recubierta,TABLETA,Caja Envase Blister Tabletas Recubiertas,E.S.C. PHARMED,96.38
53817,ABXEDA,Concentrado para Solución para Perfusión,INYECTABLE,Caja Vial x 4 mL,FARMINDUSTRIA S.A.,37.94
34894,AC LASH,Solución Oftálmica,SOLUCION OFTALMICA,Frasco X 3 mL,LABORATORIOS AC FARMA S.A.,70.58
53146,ACARIL,Crema,CREMA,Caja Tubo x 42 g,MEDIFARMA,64.12
41859,ACARIL S ,Loción,LOCION,Caja Frasco x 60 mL,MEDIFARMA,27.98
53201,ACCOPRIL-20,Tableta,TABLETA,Caja Envase Blíster Tableta,ACCORD HEALTHCARE S.A.C.,41.1
44707,ACECNOU 3G,Granulos para Solución Oral,GRANULOS,Caja Sobre x 8 g,FAES FARMA,80.21
43892,ACELIN,Comprimido,TABLETA,Caja Envase Blister Comprimidos,UNIDAS DEL PERU,93.19
30183,ACEMUK,Granulos para Suspensión Oral,GRANULOS,Frasco X 100 mL,LABORATORIOS SIEGFRIED S.A.C.,6.55
30179,ACEMUK 200,Comprimido Efervescente,TABLETA,Caja Envase Blíster Comprimidos,LABORATORIOS SIEGFRIED S.A.C.,34
30182,ACEMUK 600,Comprimido Efervescente,TABLETA,Caja Envase Blíster Comprimidos,LABORATORIOS SIEGFRIED S.A.C.,19.05
54455,ACEMUK L,Comprimido de Disolución Bucal,TABLETA,Caja Envase Blíster Comprimidos,LABORATORIOS SIEGFRIED S.A.C.,14.97
45450,ACEPOT,Suspensión Inyectable,INYECTABLE,Caja Ampolla x 1 mL,TEVA PERU S.A.,48.63
35588,ACETAK,Tableta,TABLETA,Caja Envase Blister Tabletas,MEDIFARMA,36.25
48595,ACETALITO ,Jarabe,SOLUCION,Caja Frasco x 120 mL,LABORATORIOS QUILLA PHARMA PERU S.A.C.,2.13
53763,ACETATO DE MEDROXIPROGESTERONA,Suspensión Inyectable,INYECTABLE,Caja Vial x 1 mL,AGRIPINO SARMIENTO,25.26
49229,ACETAZOLAMIDA,Tableta,TABLETA,Caja Envase Blister Tableta,LABORATORIOS AC FARMA S.A.,28.02
51653,ACETILCISTEINA ,Granulos para Solución Oral,GRANULOS,Caja Sobre x 3 g,SANOFI - AVENTIS DEL PERU S.A.,19
50002,ACETOSODIUM,Solución Inyectable,INYECTABLE,Caja Ampolla x 20 mL,MEDIFARMA,84.06
49230,ACEVIR,Polvo para Solución Inyectable,INYECTABLE,Caja Vial +  Ampolla Solvente x 10 mL,LABORATORIOS AC FARMA S.A.,41.04
47861,ACI - TIP,Comprimido Masticable,TABLETA,Caja Envase Blister Comprimido Masticable,MEGA LABS LATAM S.A.,36.6
47138,ACI BASIC,Suspensión Oral,SUSPENSION,Frasco x 150 mL,TEVA PERU S.A.,24.86
27355,ACI BASIC UVA,Suspensión Oral,SUSPENSION,Frasco  X 150 mL,TEVA PERU S.A.,87.05
42868,ACI TIP ,Comprimido Masticable,TABLETA,Caja Envase Blister Comprimido Masticable,ROEMMERS,54.98
50566,ACICLAV ,Tableta Recubierta,TABLETA,Caja Envase Blister Tableta Recubierta,OQ PHARMA,43.12
46718,ACICLAV,Tableta Recubierta,TABLETA,Caja Envase Blíster Tableta Recubierta,OQ PHARMA,44.79
53190,ACICLOVIR,Tableta,TABLETA,Caja Envase Blíster Tableta,SEVEN PHARMA S.A.C.,87.69
38523,ACIDINO,Tableta Masticable,TABLETA,Caja Envase Blister Tabletas Masticables,E.S.C. PHARMED,19.07
45424,ACIDO ACETILSALICILICO,Comprimido,TABLETA,Caja Envase Blíster Comprimidos,SANOFI - AVENTIS DEL PERU S.A.,7.81
43644,ACIDO ACETILSALICILICO,Tableta,TABLETA,Caja Envase Blister Tabletas,LABOT,63.26
48992,ACIDO ALENDRONICO,Tableta,TABLETA,Caja Envase Blister Tableta,INDUQUIMICA,95.11
40994,ACIDO FOLICO,Tableta,TABLETA,Caja Envase Blister Tabletas,FARMINDUSTRIA S.A.,70.74
40091,ACIDO FUSIDICO,Crema,CREMA,Caja Tubo x 15 g,GENFAR,41.69
42046,ÁCIDO IBANDRÓNICO,Comprimido Recubierto,TABLETA,Caja Envase Blíster Comprimidos,GENFAR,73.06
45765,ACIDO MICOFENOLICO,Tableta Recubierta,TABLETA,Caja Envase Blíster Tabletas Recubiertas,MEDIFARMA,33.71
42333,ACIDO PAMIDRONICO,Polvo para Solución Inyectable,INYECTABLE,Caja Vial,PERULAB,5.32
38805,ACIDO TRANEXAMICO,Solución Inyectable,INYECTABLE,Caja Ampolla x 10 mL,LABORATORIOS AC FARMA S.A.,4.16
38504,ACIDO VALPROICO,Solución Oral,SOLUCION,Caja Frasco x 120 mL,MEDROCK CORPORATION SOCIEDAD ANONIMA CERRADA,45.48
26699,ACIDO ZOLEDRONICO,Polvo para Solución Inyectable,INYECTABLE,Caja vial+ Solvente,PERULAB,60.35
40910,ACIDO ZOLEDRONICO  ,Polvo para Solución Inyectable,INYECTABLE,Caja Vial,MEDIFARMA,21.38
45681,ACIDO ZOLEDRONICO ,Solución para Perfusión,INYECTABLE,Caja Frasco x 100 mL,J&M,7.54
46572,ÁCIDO ZOLEDRONICO,Polvo para Solución para Perfusión,INYECTABLE,Caja Vial,GP PHARM,93.98
54290,ÁCIDO ZOLEDRÓNICO,Concentrado para Solución para Perfusión,INYECTABLE,Caja Vial,VITALIS PERU S.A.C.,66.11
53181,ACIDOR EXTRA RAPID,Suspensión Oral,SUSPENSION,Caja Frasco x 150 mL + Accesorio,SHERFARMA S.A.C.,18.8
45512,ACIDPLUS,Comprimido Masticable,TABLETA,Caja Envase Blíster Comprimidos Masticables,BIOSANA,65.23
50069,ACIMED® 500,Comprimido Recubierto,TABLETA,Caja Envase Blíster Comprimidos Recubiertos,QUIMFA,41.85
52046,ACINIL-P,Polvo para Solución Inyectable,INYECTABLE,Caja Vial,NORDIC,79.86
45916,ACINIL-P-40,Tableta de Liberación Retardada,TABLETA,Caja Envase Blíster Tabletas de Liberación Retardada,NORDIC,28.08
51488,ACIOO TRANEXAMICO,Solución Inyectable,INYECTABLE,Caja Vial x 10 mL,AGRIPINO SARMIENTO,92.61
55015,ACIPRAL,Polvo Para Solución Inyectable y Para Perfusión,INYECTABLE,Caja Vial,INTIPHARMA S.A.C.,17.42
54403,ACI-TIP,Suspensión Oral,SUSPENSION,Caja Frasco x 200 mL + Accesorios,MEGA LABS LATAM S.A.,39.83
50862,ACITRANESA,Solución Inyectable,INYECTABLE,Caja Ampolla x 10 mL,SHERFARMA S.A.C.,8.2
47131,ACITREXOL ,Cápsula,CAPSULA,"Caja Envase Blíster Cápsulas	",LABORATORIOS AC FARMA S.A.,63.26
40024,ACITREXOL,Cápsula,CAPSULA,Caja Envase Blister Cápsulas,LABORATORIOS AC FARMA S.A.,18.59
35408,ACIVICLOR,Crema,CREMA,Tubo X 15 g,BOTICAS Y SALUD,65.37
47541,ACLASTA,Solución para Perfusión,INYECTABLE,Caja Vial x 100 mL,NOVARTIS,13.35
41537,ACNEBIOT,Tableta Recubierta,TABLETA,Caja Envase Blister Tabletas,IQ FARMA,35.29
40500,ACNECLIN 100 AP,Cápsula de Liberación Prolongada,CAPSULA,Caja Envase Blister Cápsulas,LABORATORIOS SIEGFRIED S.A.C.,21.87
46214,ACNOIC,Gel,JALEA,Caja Tubo x 30 g,FARMINDUSTRIA S.A.,90.15
43491,ACNOMEL,Crema,CREMA,Caja Tubo x 30 g,MEDIFARMA,3.04
41789,ACNOTIN,Cápsula Blanda,CAPSULA,Caja Envase Blister Cápsulas,BAGO,57.02
39143,ACNUPLAST,Cápsula,CAPSULA,Caja Envase Blister Cápsulas,SMART PHARMA,81.68
43377,ACOXX,Tableta Recubierta,TABLETA,Caja Envase Blíster Tabletas,FARMINDUSTRIA S.A.,67.68
55154,ACRIPTEGA,Tableta Recubierta,TABLETA,Caja Frasco x 30 Tabletas Recubiertas,PHARMARIS,36.51
51518,ACRYLARM,Gel Oftálmico,GEL,Caja Tubo x 10 g,MEGA LABS LATAM S.A.,6.32
45717,ACTEMRA,Concentrado para Solución para Perfusión,INYECTABLE,Caja Vial x 4 mL,ROCHE,9.62
41871,ACTERIL,Solución para Nebulización,AEROSOL,Caja Frasco Gotero x 10 mL,UNIDAS DEL PERU,62.57
176,ACTILYSE,Polvo para Solución Inyectable,INYECTABLE,Vial,BOEHRINGER,29.42
53337,ACTIVA 21,Grageas,TABLETA,"Caja Envase Blíster x 21 Grageas	",BIOSYNTEC,69.86
40567,ACTIVA 28,Grageas,TABLETA,Caja Envase Blister Grageas,BIOSYNTEC,15.28
53009,ACTUALAX,Tableta de Liberación Retardada,TABLETA,Caja Envase Blíster Tableta de Liberación Retardada,FARM. MEDICAL,33.07
49950,ACUDOPIK,Tableta Dispersable,TABLETA,Caja Envase Blister Tabletas Dispersables,NEOLPHARMA PERU SOCIEDAD ANONIMA CERRADA - NEOLPHARMA PERU S.A.C.,34.89
43690,ACULAR LS,Solución Oftálmica,SOLUCION OFTALMICA,Caja Frasco gotero x 5 mL,QUIMICA SUIZA,86.67
48116,ACUREN,Tableta,TABLETA,Caja Envase Blister Tableta,DROGUERIA INVERSIONES JPS S.A.C.,15.48
30307,ADACEL,Suspensión Inyectable,INYECTABLE,Caja Frasco X 0.5 mL,SANOFI - AVENTIS DEL PERU S.A.,72.18
190,ADAX,Tableta Recubierta,TABLETA,Caja Envase Blister Tabletas,FARMINDUSTRIA S.A.,16.07
39736,ADAX FLU,Suspensión Oral,SUSPENSION,Caja Frasco x 60 mL,FARMINDUSTRIA S.A.,23.76
54408,ADAX FLU FORTE,Suspensión Oral,SUSPENSION,Caja Frasco x 60 mL,FARMINDUSTRIA S.A.,23.69
39000,ADCETRIS,POLVO PARA CONCENTRADO PARA SOLUCION PARA PERFUSION,INYECTABLE,Caja  Vial,TAKEDA,29.16
41199,ADDAVEN,Concentrado para Solución para Perfusión,INYECTABLE,Caja Ampolla x 10 mL,SANDERSON,40.43
201,ADECEROL,Emulsión Oral,EMULSION,Vial X 10 mL,MEDIFARMA,36.85
41048,ADENOCIL,Solución Inyectable,INYECTABLE,Caja Ampolla x 2 mL,FARMACEUTICA OTARVASQ,48.48
45832,ADENOZ 6,Solución Inyectable,INYECTABLE,Caja Ampolla x 2 mL,SEVEN,44.5
44212,ADEPROST ,Cápsula de Liberación Prolongada,CAPSULA,Caja Envase Blister Cápsulas,LABORATORIOS FARMACEUTICOS MARKOS S.A.,92.49
46556,ADMENTA 10,Tableta Recubierta,TABLETA,Caja Envase Blíster Tableta Recubierta,SUN PHARMACEUTICAL ,62.3
47718,ADMENTA 5,Tableta Recubierta,TABLETA,Caja Envase Blíster Tableta Recubierta,SUN PHARMACEUTICAL ,70.76
53754,ADOLQUIR,Tableta Recubierta,TABLETA,Caja Envase Blíster Tabletas Recubiertas,EMCURE,45.67
214,ADONA (AC 17),Tableta,TABLETA,Caja Envase Blister Tabletas,FARMINDUSTRIA S.A.,14.21
54979,ADOXOCORD,Concentrado para Solución para Perfusión,INYECTABLE,Caja Vial x 10 mL,ACCORD HEALTHCARE S.A.C.,37.36
48868,ADRENIL,Solución Inyectable,INYECTABLE,Caja Ampolla x 1 mL,AGRIPINO SARMIENTO,10.72
52794,ADREPINE,Solución Inyectable,INYECTABLE,Caja Ampolla x 1 mL,OQCORP SOCIEDAD ANONIMA CERRADA - OQCORP S.A.C.,68.1
48401,ADULAX ,Solución Rectal,ENEMA,Caja Frasco x 133 mL,OQ PHARMA,45.34
49954,AERIDIN ,Tableta Recubierta,TABLETA,Caja Envase Blister Tabletas Recubierta,PORTUGAL,39.73
49071,AERIUS,Solución Oral,SOLUCION,Caja Frasco x 60 mL + accesorio,MERCK SHARP & DOHME PERU S.R.L.,3.65
38812,AERO MOTIL,Comprimido,TABLETA,Caja Envase Blíster Comprimidos,OM PHARMA,41.32
43802,AERO OM,Comprimido Masticable,TABLETA,Caja Envase Blister Comprimidos,OM PHARMA,68.59
43804,AERO OM ,Comprimido Masticable,TABLETA,Caja Envase Blister Comprimidos,OM PHARMA,5.57
43402,AERO OM FORTE - SABOR ANIS,Comprimido Masticable,TABLETA,Caja Envase Blíster Comprimidos Masticables,OM PHARMA,58.08
239,AERO OM FORTE SABOR ANIS,Comprimido Masticable,TABLETA,Caja Envase Blíster Comprimidos,OM PHARMA,89.44
39016,AERO OM SABOR A FRESAS,Suspensión Oral,SUSPENSION,Caja Frasco gotero x 15mL,OM PHARMA,67.21
28248,AERO OM SABOR ANIS,Suspensión Oral,SUSPENSION,Frasco  X 60 mL,OM PHARMA,48.71
38741,AERO SIM COMPUESTO,Suspensión Oral,SUSPENSION,Caja Frasco x 15mL,ELIFARMA,3.81
35489,AERO SIM SABOR A ANIS,Suspensión Oral,SUSPENSION,Frasco Gotero X 15 mL,ELIFARMA,2.75
33862,AERO SIM SABOR A FRESA,Suspensión Oral,SUSPENSION,Frasco Gotero X 15 mL,ELIFARMA,26.85
54117,AEROFIT,Suspensión Oral,SUSPENSION,Caja Frasco Gotero x 15 mL,OQCORP SOCIEDAD ANONIMA CERRADA - OQCORP S.A.C.,72.07
52369,AEROFIT ,Suspensión Oral,SUSPENSION,Caja Frasco Gotero x 15 mL,OQ PHARMA,37.75
49680,AEROGEST,Cápsula Blanda,CAPSULA,Caja Envase Blister Cápsulas Blanda,DROGUERIA INRETAIL PHARMA S.A.C.,26.43
46466,AEROGEST - SABOR ANIS,Suspensión Oral,SUSPENSION,Frasco Gotero x 15 mL,DROGUERIA INRETAIL PHARMA S.A.C.,80.81
49789,AEROGEST FLAT,Suspensión Oral,SUSPENSION,Caja Frasco Gotero x 15 mL,DROGUERIA INRETAIL PHARMA S.A.C.,18.38
49790,AEROGEST PLUS FRESA,Suspensión Oral,SUSPENSION,Caja Frasco Gotero x 15mL,DROGUERIA INRETAIL PHARMA S.A.C.,68.87
51753,AEROGEST SABOR FRESA,Solución Oral,SOLUCION,Frasco Gotero x 15 mL ,DROGUERIA INRETAIL PHARMA S.A.C.,8.82
38768,AEROLISIN SABOR A ANIS,Suspensión Oral,SUSPENSION,Frasco Gotero x 15 mL,BOTICAS Y SALUD,53.37
29166,AEROMIDE,Suspensión para Inhalación,AEROSOL,Caja Frasco X 200 Dosis,ELIFARMA,98.26
46236,AERONASE,Tableta,TABLETA,Caja Envase Blíster Tabletas,DROGUERIA INRETAIL PHARMA S.A.C.,70.18
20129,AERONID,Aerosol para Inhalación,AEROSOL,Envase Aerosol  X 120 Dosis,ROEMMERS,16.74
53519,AERONID 125,Aerosol para Inhalación,AEROSOL,Caja Frasco x 120 dosis,MEGA LABS LATAM S.A.,86.62
53235,AERONID 250,Suspensión para Inhalación en envase a presión,AEROSOL,Caja Envase Aerosol x 120 dosis,MEGA LABS LATAM S.A.,75.77
54896,AEROSOLVAN,Solución Oral,SOLUCION,Caja Frasco x 120 mL,BIOS PERU,41.28
48502,AEROTECH COMPUESTO,Jarabe,SOLUCION,Caja Frasco x 120 mL,FARMINDUSTRIA S.A.,28.55
44358,AEROTROP,Aerosol para Inhalación,AEROSOL,Caja Frasco x 250 Dosis,D&M PHARMA,59.41
46044,AEROX  SABOR A FRESA,Suspensión Oral,SUSPENSION,Caja Frasco Gotero x 15 mL,LABORATORIO FARMACEUTICO SAN JOAQUIN - ROXFARMA S.A.,21.01
45767,AEROX PLUS,Suspensión Oral,SUSPENSION,Caja Frasco Gotero x 15 mL,LABORATORIO FARMACEUTICO SAN JOAQUIN - ROXFARMA S.A.,17.08
51618,AFADOL,Suspensión Oral,SUSPENSION,Caja Frasco x 60 mL + Accesorio,FARMASUR,77.36
48262,A-FENAC,Comprimido Gastrorresistente,TABLETA,Caja Envase Blister Comprimidos Gastrorresistentes,DROGUERIA INVERSIONES JPS S.A.C.,40.25
51034,AFENOX ,Tableta Recubierta,TABLETA,Caja Envase Blíster Tableta Recubierta,PHARMA -C,14.84
42450,AFENOX,Tableta Recubierta,TABLETA,Caja Envase Blister Tabletas,PHARMA -C,91.02
49897,AFINITOR,Comprimido,TABLETA,Caja Envase Blister Comprimido,NOVARTIS,98.38
46227,AFLAMAX ,Tableta Recubierta,TABLETA,Caja Envase Blíster Tabletas Recubiertas,GRUNENTHAL ,96.82
46713,AFLAREX,Suspensión Oftálmica,SUSPENSION OFTALMICA,Frasco x 5 mL,NOVARTIS,87.36
47598,AFLAXIL,Tableta Recubierta,TABLETA,Caja Envase Blíster Tabletas Recubiertas,BIOS PERU,5.62
40051,AFLAZACORT,Comprimido,TABLETA,Caja Envase Blíster Comprimidos,GRUNENTHAL ,40.36
42706,AFLOXX,Tableta,TABLETA,Caja Envase Blister Tabletas,LUSA,12.54
39381,AFRIN SP,Solución para Pulverización Nasal,AEROSOL,Frasco Atomizador x 15 mL,BAYER,34.78
51968,AG-DERMAX ,Crema,CREMA,Caja Tubo x 10 g,VAG PHARMA,53.77
49998,AG-DEXA ,Tableta,TABLETA,Caja Envase Blister Tabletas,VAG PHARMA,73.93
46964,AGGLAD OFTENO,Solución Oftálmica,SOLUCION OFTALMICA,Caja Frasco Gotero x 5 mL,LABORATORIOS OFTALMICOS S.A.C.,39.46
38118,AGRAFIL,Tableta Recubierta,TABLETA,Caja Envase Blister Tabletas,VITA PHARMA,82.49
54692,AGUA BACTERIOSTATICA,Solución Inyectable,INYECTABLE,Caja Ampolla x 2 mL,LABOT,61.52
54269,AGUA ESTERIL PARA INYECCION,Solución Inyectable,INYECTABLE,Bolsa x 1000 mL, HERSIL S.A. LABORATORIOS INDUSTRIALES FARMACEUTICOS,23.29
54119,AGUA ESTERIL PARA INYECCION,Disolvente Para Uso Parenteral,INYECTABLE,Caja Ampolla x 5 mL,OQCORP SOCIEDAD ANONIMA CERRADA - OQCORP S.A.C.,45.16
54270,AGUA ESTERIL PARA IRRIGACIÓN,Solución para Irrigación,SOLUCION,Bolsa x 3000 mL, HERSIL S.A. LABORATORIOS INDUSTRIALES FARMACEUTICOS,19.92
54963,AGUA PARA INYECCIÓN,Solución Inyectable,INYECTABLE,Caja Ampolla x 5 mL,OQCORP SOCIEDAD ANONIMA CERRADA - OQCORP S.A.C.,55.52
52151,AIMAFIX,Polvo para Solución para Perfusión,INYECTABLE,Caja Vial + Vial x 10 mL + Accesorios,PHARMA HOSTING,66.37
44986,AIRLUKAST,Tableta,TABLETA,Caja Envase Blíster Tabletas,SUN PHARMACEUTICAL ,76.99
46157,AIRLUKAST 4,Tableta Masticable,TABLETA,Caja Envase Blíster Tableta Masticable,SUN PHARMACEUTICAL ,69.24
46116,AIRLUKAST 5,Tableta Masticable,TABLETA,Caja Envase Blíster Tableta Masticable,SUN PHARMACEUTICAL ,81.63
53429,AIRLUKAST®,Tableta Recubierta,TABLETA,Caja Envase Blíster Tabletas Recubiertas,SUN PHARMACEUTICAL ,90.16
48503,AIRUM JAT,Jarabe,SOLUCION,Caja Envase Frasco x 120 mL,FARMINDUSTRIA S.A.,73.12
336,AK PRED,Solución Nasal,AEROSOL,Frasco Gotero X 5 mL,MEDIFARMA,35.16
35456,AK TROL NF,Suspensión Oftálmica,SUSPENSION OFTALMICA,Caja Frasco gotero x 5 mL,MEDIFARMA,19.71
35493,AKA DILATE,Solución Oftálmica,SOLUCION OFTALMICA,Caja Frasco Gotero  X 5 mL,MEDIFARMA,35.56
43145,AKA DILATE ,Solución Oftálmica,SOLUCION OFTALMICA,Caja Frasco x 15 mL,MEDIFARMA,79.87
41427,AKAMOXX ,Solución Oftálmica,SOLUCION OFTALMICA,Caja Frasco gotero x 5 mL,MEDIFARMA,51.66
44703,AKAMYCINA,Solución Inyectable,INYECTABLE,Caja Ampolla x 2 mL,SHERFARMA S.A.C.,51.16
54488,AKA-PRED,Solución Oftálmica,SOLUCION OFTALMICA,Caja Frasco Gotero x 5 mL,MEDIFARMA,13.05
47640,AKA-PRED® AC,Suspensión Oftálmica,SUSPENSION OFTALMICA,Caja Frasco Gotero x 5 mL,MEDIFARMA,86.47
41791,AKINETON,Tableta,TABLETA,Caja Envase Blister Tabletas,BAGO,69.15
41792,AKINETON RETARD,Tableta Recubierta,TABLETA,Caja Envase Blister Tabletas,BAGO,8.2
46895,AKNEMIN ,Cápsula,CAPSULA,Caja Envase Blíster Cápsulas, HERSIL S.A. LABORATORIOS INDUSTRIALES FARMACEUTICOS,90.98
51217,AKWA R,Solución Oftálmica,SOLUCION OFTALMICA,Caja Frasco Gotero x 20 mL ,MEDIFARMA,9.65
346,AKWA TEARS,Solución Oftálmica,SOLUCION OFTALMICA,Frasco Gotero X 15 mL,MEDIFARMA,59.75
27988,AKW-AGELAK,Solución Oftálmica,SOLUCION OFTALMICA,Caja Frasco gotero x 20 mL,MEDIFARMA,56.7
53797,ALBALER,Crema,CREMA,Caja Tubo x 30 g,LABORATORIO FARMACEUTICO SAN JOAQUIN - ROXFARMA S.A.,20.52
50229,ALBARATO,Cápsula,CAPSULA,Caja Envase Blister Cápsulas,BRISAFARMA,51.84
53821,ALBEMAX ,Suspensión Oral,SUSPENSION,Caja Frasco x 20 mL + Accesorios,CORPORATION MECOFARM SOCIEDAD ANONIMA CERRADA - CORPORATION MECOFARM S.A.C.,30.17
45537,ALBEN,Suspensión Oral,SUSPENSION,Caja Frasco x 20 mL,BIOS PERU,15.33
45250,ALBENDAZOL,Suspensión Oral,SUSPENSION,Caja Frasco x 20 mL,SANOFI - AVENTIS DEL PERU S.A.,39.33
44632,ALBENDAZOL,Tableta,TABLETA,Caja Envase Blister Tabletas,GENFAR,28.64
30940,ALBENDAZOL,Tableta Masticable,TABLETA,Caja Envase Blister Tabletas,IQ FARMA,44.51
37912,ALBENDAZOL,Tableta Recubierta,TABLETA,Caja Envase Blister Tabletas,FARMINDUSTRIA S.A.,66.21
38162,ALBENTEL,Suspensión Oral,SUSPENSION,Caja Frasco x 20 mL,ELIFARMA,18.78
20161,ALBISEC,Cápsula,CAPSULA,Caja Envase Blister Cápsulas,UNIMED,69.18
52931,ALBIZOL,Suspensión Oral,SUSPENSION,Frasco x 20 mL,CORPORATION MECOFARM SOCIEDAD ANONIMA CERRADA - CORPORATION MECOFARM S.A.C.,54.67
52199,ALBOTHYL,Ovulo,OVULO,Caja Envase Folio Ovulos,EUROFARMA PERU,69.92
34887,ALBUMIN,Solución Inyectable,INYECTABLE,Vial x 50 mL,LABORATORIOS AC FARMA S.A.,18.14
35803,ALBUMINA HUMANA,Solución para Perfusión,INYECTABLE,Frasco x 50 mL,GREY,75.35